Name,Email,DOB
Disha,disha@test.com,2015-07-21
Disha,disha@test.com,2015-07-22
Alice,alice@example.com,1992-05-14
Alice,alice@example.com,1992-05-14
mayank,mayank@testing.com,1998-02-10
Noor,Noor@test.com,2015-08-18
suhani,suhani@test.com,2016-09-15
anayta,anayta@test.com,2016-07-28
parag,parag@testing.com,2015-07-30
people,people@testing.com,2015-07-27
priya,priya@gmail.com,2016-07-08
harsh,harsh@test.com,2017-07-06
sachin,sachin@testing.com,2025-07-09
krishna,krishna@testing.com,2016-07-08
priyam,priyam@test.com,2016-07-01
kanak,kanak@testing.com,1999-07-11
